{
    "loss": [
        0.3660604655742645,
        0.2431177794933319,
        0.2033141851425171,
        0.16040122509002686,
        0.1379024237394333,
        0.12056690454483032,
        0.1104620099067688,
        0.10579624027013779,
        0.10316876322031021,
        0.09881369024515152,
        0.09700970351696014,
        0.09732399880886078,
        0.09345774352550507,
        0.09195255488157272,
        0.09181247651576996,
        0.08989787101745605,
        0.08873523771762848,
        0.08949780464172363,
        0.08763859421014786,
        0.0870896428823471,
        0.0874997079372406,
        0.08567552268505096,
        0.08546168357133865,
        0.08532831817865372,
        0.0843057781457901,
        0.08419753611087799,
        0.08446458727121353,
        0.0820787325501442,
        0.0820695161819458,
        0.08276763558387756,
        0.08060554414987564,
        0.08012476563453674,
        0.079116590321064,
        0.07889027148485184,
        0.07944869250059128,
        0.07736458629369736,
        0.07614409923553467,
        0.07683467119932175
    ],
    "xyz_loss": [
        0.10888709127902985,
        0.059685394167900085,
        0.04817710816860199,
        0.038691066205501556,
        0.03460933268070221,
        0.032889798283576965,
        0.031252164393663406,
        0.030889661982655525,
        0.02986232563853264,
        0.02945968508720398,
        0.029644636437296867,
        0.029171710833907127,
        0.02904709056019783,
        0.028523912653326988,
        0.02889666147530079,
        0.028530484065413475,
        0.028311217203736305,
        0.028761303052306175,
        0.02860158309340477,
        0.02851659432053566,
        0.028342239558696747,
        0.028294309973716736,
        0.02806626819074154,
        0.028259558603167534,
        0.02785661071538925,
        0.027799567207694054,
        0.02798827551305294,
        0.027586136013269424,
        0.02726190909743309,
        0.027621855959296227,
        0.02726823091506958,
        0.027042733505368233,
        0.026773322373628616,
        0.02681235782802105,
        0.026598850265145302,
        0.026286259293556213,
        0.02550697699189186,
        0.025725077837705612
    ],
    "srgb_loss": [
        0.20272983610630035,
        0.15358968079090118,
        0.1310485303401947,
        0.10236462205648422,
        0.0859883725643158,
        0.07123216241598129,
        0.06358377635478973,
        0.05946178361773491,
        0.058375272899866104,
        0.05462416261434555,
        0.052542757242918015,
        0.053566448390483856,
        0.04988706484436989,
        0.049166664481163025,
        0.04846750572323799,
        0.04710216075181961,
        0.04626839980483055,
        0.046355828642845154,
        0.044736213982105255,
        0.044314783066511154,
        0.04498634114861488,
        0.043234001845121384,
        0.043362267315387726,
        0.0429389663040638,
        0.042520858347415924,
        0.042498208582401276,
        0.0424821563065052,
        0.040699552744627,
        0.041176687926054,
        0.041334860026836395,
        0.039703208953142166,
        0.039560623466968536,
        0.03895656764507294,
        0.03867171332240105,
        0.03955044224858284,
        0.03793519735336304,
        0.037883613258600235,
        0.038247086107730865
    ],
    "val_loss": [
        0.2464902698993683,
        0.19630922377109528,
        0.16037283837795258,
        0.1353628784418106,
        0.1197490245103836,
        0.1102142259478569,
        0.10768522322177887,
        0.09620882570743561,
        0.10435555130243301,
        0.09133663773536682,
        0.08990752696990967,
        0.09460093826055527,
        0.08609994500875473,
        0.08674684911966324,
        0.09201177209615707,
        0.08169979602098465,
        0.08335857838392258,
        0.08327770978212357,
        0.08091747015714645,
        0.08466041088104248,
        0.08039771765470505,
        0.07909198850393295,
        0.0903637558221817,
        0.083297498524189,
        0.07731645554304123,
        0.09752773493528366,
        0.0756165161728859,
        0.07671163976192474,
        0.08281762897968292,
        0.07528673112392426,
        0.07615222781896591,
        0.08243437856435776,
        0.07424093037843704,
        0.07680246233940125,
        0.07592899352312088,
        0.07282068580389023,
        0.07542099058628082,
        0.07179097831249237
    ],
    "val_xyz_loss": [
        0.05697081983089447,
        0.03925873339176178,
        0.03370565548539162,
        0.03173971176147461,
        0.02993590570986271,
        0.029903674498200417,
        0.029578939080238342,
        0.02772654965519905,
        0.030845467001199722,
        0.027381040155887604,
        0.02771672047674656,
        0.027135929092764854,
        0.027270635589957237,
        0.02784372679889202,
        0.027425456792116165,
        0.026786932721734047,
        0.027155805379152298,
        0.027208345010876656,
        0.026839105412364006,
        0.027556652203202248,
        0.02710488811135292,
        0.026966629549860954,
        0.029734719544649124,
        0.02756461687386036,
        0.02696983888745308,
        0.026660902425646782,
        0.026342539116740227,
        0.02668534405529499,
        0.028083961457014084,
        0.02658170275390148,
        0.026850447058677673,
        0.02865344099700451,
        0.02675100788474083,
        0.02777826227247715,
        0.027043471112847328,
        0.02644536644220352,
        0.026474542915821075,
        0.026825696229934692
    ],
    "val_srgb_loss": [
        0.16103403270244598,
        0.13742110133171082,
        0.10981433838605881,
        0.08775331825017929,
        0.07484515011310577,
        0.0653587281703949,
        0.06331678479909897,
        0.05461898818612099,
        0.058087367564439774,
        0.050265077501535416,
        0.04833246022462845,
        0.053897030651569366,
        0.04519397020339966,
        0.04498124122619629,
        0.050873588770627975,
        0.04151935502886772,
        0.04262486472725868,
        0.042465195059776306,
        0.040658824145793915,
        0.04332544654607773,
        0.039740368723869324,
        0.0386420413851738,
        0.04576168954372406,
        0.04195057973265648,
        0.03686170279979706,
        0.057536397129297256,
        0.03610270097851753,
        0.036683641374111176,
        0.04069168493151665,
        0.03541417419910431,
        0.0358765572309494,
        0.03945421427488327,
        0.03411441668868065,
        0.03513506054878235,
        0.03536380082368851,
        0.03315264731645584,
        0.03570917621254921,
        0.031552426517009735
    ]
}