{
    "loss": [
        2.154985189437866,
        0.46035176515579224,
        0.3879263997077942,
        0.3352881371974945,
        0.2858377993106842,
        0.2578250467777252,
        0.22932077944278717,
        0.20096267759799957,
        0.1824597865343094,
        0.16412821412086487,
        0.15372489392757416,
        0.14322784543037415,
        0.1362253725528717,
        0.13074423372745514,
        0.1254691481590271,
        0.12017634510993958,
        0.11363399773836136,
        0.11055030673742294,
        0.1046096533536911,
        0.10286359488964081,
        0.10094001144170761,
        0.0993952751159668,
        0.09482541680335999,
        0.0934733971953392,
        0.09106993675231934,
        0.08916331827640533,
        0.08789773285388947,
        0.0855860710144043,
        0.08529610186815262,
        0.08352907001972198,
        0.08258296549320221,
        0.08100922405719757,
        0.08065353333950043,
        0.07919173687696457,
        0.07869188487529755,
        0.07718972116708755,
        0.07573647797107697,
        0.07579705119132996,
        0.07535857707262039,
        0.07402642071247101,
        0.07402218878269196,
        0.07270801067352295,
        0.07184046506881714,
        0.07153162360191345,
        0.07079809159040451,
        0.07025513052940369,
        0.06895291805267334,
        0.06819496303796768,
        0.06871691346168518,
        0.0690029188990593,
        0.0665045902132988,
        0.06741280108690262,
        0.0671917274594307,
        0.06574501097202301
    ],
    "xyz_loss": [
        0.22781409323215485,
        0.1327657550573349,
        0.11412715166807175,
        0.09713941067457199,
        0.08500955998897552,
        0.07716194540262222,
        0.07095448672771454,
        0.06450561434030533,
        0.06026654690504074,
        0.05533694103360176,
        0.05395352095365524,
        0.050190601497888565,
        0.048728469759225845,
        0.04735550284385681,
        0.046337276697158813,
        0.043794114142656326,
        0.042455773800611496,
        0.041796546429395676,
        0.0400703027844429,
        0.039544012397527695,
        0.03851402923464775,
        0.038103338330984116,
        0.03709293156862259,
        0.03597693890333176,
        0.03535724803805351,
        0.03497624769806862,
        0.034280430525541306,
        0.033859383314847946,
        0.03325941413640976,
        0.033149413764476776,
        0.03292841836810112,
        0.03228351101279259,
        0.032221660017967224,
        0.03175858035683632,
        0.031697873026132584,
        0.031192975118756294,
        0.030625570565462112,
        0.030343757942318916,
        0.030482590198516846,
        0.030345138162374496,
        0.030070757493376732,
        0.030072852969169617,
        0.029888436198234558,
        0.02998189814388752,
        0.0296665970236063,
        0.029304388910531998,
        0.029398901388049126,
        0.029128432273864746,
        0.029058469459414482,
        0.029077930375933647,
        0.028677791357040405,
        0.028527751564979553,
        0.028558997437357903,
        0.0281753521412611
    ],
    "srgb_loss": [
        1.81326425075531,
        0.26120293140411377,
        0.21673552691936493,
        0.18957902491092682,
        0.15832342207431793,
        0.14208221435546875,
        0.12288912385702133,
        0.10420424491167068,
        0.09206003695726395,
        0.0811227336525917,
        0.07279464602470398,
        0.06794186681509018,
        0.0631326362490654,
        0.059710994362831116,
        0.0559631809592247,
        0.05448519065976143,
        0.04995031654834747,
        0.047855474054813385,
        0.04450419917702675,
        0.043547533452510834,
        0.04316900670528412,
        0.04224024713039398,
        0.03918597847223282,
        0.03950794041156769,
        0.03803406283259392,
        0.03669894486665726,
        0.03647707402706146,
        0.03479701653122902,
        0.035406965762376785,
        0.03380495309829712,
        0.033190350979566574,
        0.03258395567536354,
        0.03232104331254959,
        0.031553853303194046,
        0.03114504925906658,
        0.030400237068533897,
        0.029798131436109543,
        0.030281392857432365,
        0.029634717851877213,
        0.028508717194199562,
        0.028916077688336372,
        0.02759874053299427,
        0.027007808908820152,
        0.02655879035592079,
        0.02629818581044674,
        0.02629854343831539,
        0.024854598566889763,
        0.02450234442949295,
        0.02512923628091812,
        0.025386052206158638,
        0.023487919941544533,
        0.02462116815149784,
        0.024353237822651863,
        0.02348199114203453
    ],
    "val_loss": [
        0.3775421977043152,
        0.3346570134162903,
        0.2501870095729828,
        0.2532846927642822,
        0.22069329023361206,
        0.18728244304656982,
        0.17473095655441284,
        0.15667997300624847,
        0.14420689642429352,
        0.12569333612918854,
        0.1199975237250328,
        0.12257300317287445,
        0.10915904492139816,
        0.10776487737894058,
        0.10427367687225342,
        0.09729065746068954,
        0.09284113347530365,
        0.08965601772069931,
        0.08790464699268341,
        0.08605357259511948,
        0.08411141484975815,
        0.08003690838813782,
        0.09160683304071426,
        0.07806343585252762,
        0.07633177191019058,
        0.08407112956047058,
        0.07241324335336685,
        0.07295440882444382,
        0.07469159364700317,
        0.06917264312505722,
        0.06868027150630951,
        0.07297052443027496,
        0.06625142693519592,
        0.06917228549718857,
        0.0692526176571846,
        0.06446024030447006,
        0.06586213409900665,
        0.06822318583726883,
        0.06371746957302094,
        0.06498579680919647,
        0.06628464162349701,
        0.060512591153383255,
        0.06485732644796371,
        0.05997845157980919,
        0.060978297144174576,
        0.06341849267482758,
        0.05985025316476822,
        0.05882205069065094,
        0.06452302634716034,
        0.057324379682540894,
        0.05887521803379059,
        0.0602455697953701,
        0.05696246027946472,
        0.06074119731783867
    ],
    "val_xyz_loss": [
        0.10454338788986206,
        0.09100721031427383,
        0.06778065115213394,
        0.0690927654504776,
        0.06113304942846298,
        0.05549651011824608,
        0.052205294370651245,
        0.04941214621067047,
        0.04589168354868889,
        0.045065052807331085,
        0.042436618357896805,
        0.04188833758234978,
        0.040167856961488724,
        0.03876093402504921,
        0.038451164960861206,
        0.03779950737953186,
        0.03685509040951729,
        0.035988833755254745,
        0.03595791757106781,
        0.03465239331126213,
        0.034284960478544235,
        0.03368883952498436,
        0.03406283259391785,
        0.03258037939667702,
        0.03246483951807022,
        0.032375287264585495,
        0.031453680247068405,
        0.031371694058179855,
        0.031065700575709343,
        0.03066330961883068,
        0.030519498512148857,
        0.030983183532953262,
        0.030134446918964386,
        0.02984192967414856,
        0.029826100915670395,
        0.029528891667723656,
        0.029989108443260193,
        0.029460230842232704,
        0.02928503230214119,
        0.02931702695786953,
        0.029466377571225166,
        0.028926856815814972,
        0.029168112203478813,
        0.028679419308900833,
        0.0287895780056715,
        0.029116230085492134,
        0.0286017544567585,
        0.028681008145213127,
        0.028843585401773453,
        0.02844267711043358,
        0.02830902673304081,
        0.028455184772610664,
        0.028178086504340172,
        0.028170237317681313
    ],