{
    "loss": [
        2.1438112258911133,
        0.46546122431755066,
        0.3517652451992035,
        0.2853274643421173,
        0.2573155164718628,
        0.21545687317848206,
        0.18652044236660004,
        0.17345796525478363,
        0.16183605790138245,
        0.1469053030014038,
        0.14249415695667267,
        0.13339777290821075,
        0.12458217889070511,
        0.11891289800405502,
        0.11797545105218887,
        0.11205130070447922,
        0.10656861960887909,
        0.10856751352548599,
        0.10296076536178589,
        0.09898634999990463,
        0.09648030996322632,
        0.09452425688505173,
        0.09026732295751572,
        0.09127048403024673,
        0.09022752940654755,
        0.08695369958877563,
        0.0852147564291954,
        0.08539585024118423,
        0.08350244164466858,
        0.08085330575704575,
        0.0829099789261818,
        0.08161319047212601,
        0.07787811756134033,
        0.08009561151266098,
        0.07977066934108734,
        0.07493888586759567,
        0.07656487822532654,
        0.07673963904380798,
        0.07406195998191833,
        0.0737723857164383,
        0.07570977509021759,
        0.07308465987443924,
        0.07146301865577698,
        0.07363865524530411,
        0.07207118719816208,
        0.06839858740568161,
        0.06987712532281876,
        0.07089368999004364,
        0.06694480031728745,
        0.0675845518708229,
        0.06842318177223206,
        0.06534483283758163,
        0.06562963128089905,
        0.06741561740636826,
        0.06622007489204407,
        0.06499162316322327,
        0.06699998676776886,
        0.0652226060628891,
        0.06237577274441719,
        0.06343227624893188,
        0.06392382085323334,
        0.0612201914191246,
        0.060965780168771744,
        0.06389583647251129,
        0.060851797461509705,
        0.06001323089003563,
        0.06131963059306145,
        0.06204501911997795,
        0.060037460178136826,
        0.0610928013920784,
        0.06028218939900398,
        0.05766081064939499,
        0.05945037677884102,
        0.06014995276927948,
        0.05832391604781151,
        0.057557374238967896,
        0.059559114277362823,
        0.056984782218933105,
        0.05615116283297539,
        0.05756190046668053,
        0.05671011283993721,
        0.05580712854862213,
        0.05631741136312485
    ],
    "xyz_loss": [
        0.20657899975776672,
        0.13057006895542145,
        0.10547623783349991,
        0.08892073482275009,
        0.08059991151094437,
        0.07113705575466156,
        0.06342440098524094,
        0.06012504920363426,
        0.05720143020153046,
        0.05189977586269379,
        0.05094189941883087,
        0.04805709421634674,
        0.04538187012076378,
        0.04369964450597763,
        0.04375198855996132,
        0.04116954281926155,
        0.03981876000761986,
        0.03960953280329704,
        0.03781023249030113,
        0.03704838454723358,
        0.035866525024175644,
        0.03603541478514671,
        0.034331634640693665,
        0.03492913395166397,
        0.03414922207593918,
        0.03329499438405037,
        0.032804545015096664,
        0.03255212679505348,
        0.03228600323200226,
        0.031422439962625504,
        0.031655482947826385,
        0.03161691874265671,
        0.03073367103934288,
        0.031170548871159554,
        0.030887750908732414,
        0.030034666880965233,
        0.030321341007947922,
        0.030078692361712456,
        0.0294264554977417,
        0.029446963220834732,
        0.02995772287249565,
        0.02948984131217003,
        0.029011793434619904,
        0.02958260476589203,
        0.029128052294254303,
        0.02851218916475773,
        0.028746450319886208,
        0.028649048879742622,
        0.0279952771961689,
        0.028344187885522842,
        0.028045274317264557,
        0.027573492377996445,
        0.028023378923535347,
        0.027982715517282486,
        0.027705885469913483,
        0.027406591922044754,
        0.027796883136034012,
        0.027263661846518517,
        0.02716304361820221,
        0.027015676721930504,
        0.026968639343976974,
        0.02633959986269474,
        0.026308441534638405,
        0.02674759365618229,
        0.026140734553337097,
        0.026086967438459396,
        0.025993453338742256,
        0.025968218222260475,
        0.025954192504286766,
        0.02622826024889946,
        0.025919312611222267,
        0.025281310081481934,
        0.02554100938141346,
        0.025326067581772804,
        0.025361910462379456,
        0.02487991936504841,
        0.025359908118844032,
        0.024924661964178085,
        0.024654174223542213,
        0.024898890405893326,
        0.024877356365323067,
        0.024728307500481606,
        0.024416483938694
    ],
    "srgb_loss": [
        1.8339420557022095,
        0.26960593461990356,
        0.19355085492134094,
        0.15194639563560486,
        0.13641557097434998,
        0.10875117778778076,
        0.09138386696577072,
        0.08327051997184753,
        0.07603392004966736,
        0.06905566900968552,
        0.06608134508132935,
        0.06131209433078766,
        0.05650937184691429,
        0.05336339399218559,
        0.05234744772315025,
        0.050296954810619354,
        0.046840425580739975,
        0.049153272062540054,
        0.046245474368333817,
        0.04341379553079605,
        0.042680524289608,
        0.04047108814120293,
        0.03876990079879761,
        0.03887682780623436,
        0.0390036441385746,
        0.03701116144657135,
        0.036007948219776154,
        0.03656770661473274,
        0.035073425620794296,
        0.033719658851623535,
        0.035426776856184006,
        0.034187838435173035,
        0.03177763149142265,
        0.03333980217576027,
        0.033439021557569504,
        0.029886864125728607,
        0.031082846224308014,
        0.03162158280611038,
        0.029922302812337875,
        0.02960197813808918,
        0.03077320195734501,
        0.028849883005023003,
        0.027945302426815033,
        0.02926473878324032,
        0.02837911620736122,
        0.025630299001932144,
        0.026757467538118362,
        0.027920082211494446,
        0.02495189756155014,
        0.025068294256925583,
        0.02635527402162552,
        0.023984568193554878,
        0.023594556376338005,
        0.025441523641347885,
        0.024661239236593246,
        0.02388172410428524,
        0.025304658338427544,
        0.024327103048563004,
        0.021631231531500816,
        0.022908739745616913,
        0.02347085252404213,
        0.021710772067308426,
        0.021503105759620667,
        0.02377445437014103,
        0.021640677005052567,
        0.020882796496152878,
        0.022329451516270638,
        0.023092666640877724,
        0.021106164902448654,
        0.021750405430793762,
        0.02140321023762226,
        0.01973883807659149,
        0.021138865500688553,
        0.022160856053233147,
        0.020281057804822922,
        0.020237481221556664,
        0.021519266068935394,
        0.01959780789911747,
        0.019169922918081284,
        0.020213598385453224,
        0.019394073635339737,
        0.018714668229222298,
        0.0196926761418581
    ],