{
    "loss": [
        2.9288089275360107,
        0.5505059361457825,
        0.4462853968143463,
        0.38193485140800476,
        0.32558807730674744,
        0.29106605052948,
        0.26691049337387085,
        0.23750519752502441,
        0.2187611609697342,
        0.20040738582611084,
        0.18810491263866425,
        0.1727111041545868,
        0.16558438539505005,
        0.1582542359828949,
        0.1510051041841507,
        0.144113689661026,
        0.1423787772655487,
        0.13568812608718872,
        0.131123885512352,
        0.12940578162670135,
        0.12289382517337799,
        0.12136178463697433,
        0.11730395257472992,
        0.1144203245639801,
        0.11554838716983795,
        0.11143089085817337,
        0.10908421874046326,
        0.10674133896827698,
        0.10376270115375519,
        0.10423465818166733,
        0.1026783138513565,
        0.10025067627429962,
        0.10151837766170502,
        0.09807025641202927,
        0.09813232719898224,
        0.09719604253768921,
        0.09538944065570831,
        0.09537813067436218,
        0.09468168020248413,
        0.09461216628551483,
        0.09655305743217468,
        0.0922858715057373,
        0.09334298223257065,
        0.09111882001161575,
        0.0904558002948761,
        0.0903678610920906,
        0.08921472728252411,
        0.08877863734960556,
        0.08858739584684372
    ],
    "xyz_loss": [
        0.2490306943655014,
        0.16887246072292328,
        0.13765670359134674,
        0.12195645272731781,
        0.1043616309762001,
        0.09537143260240555,
        0.08923137933015823,
        0.08218497037887573,
        0.07652632892131805,
        0.07234515994787216,
        0.07001376897096634,
        0.06542056798934937,
        0.06370487809181213,
        0.06163014844059944,
        0.059516534209251404,
        0.057253528386354446,
        0.0563112311065197,
        0.05446385219693184,
        0.05343817174434662,
        0.05313888564705849,
        0.05137055367231369,
        0.05042882636189461,
        0.0497097484767437,
        0.04869085177779198,
        0.04844516143202782,
        0.04728509485721588,
        0.046693284064531326,
        0.045373860746622086,
        0.044774919748306274,
        0.04456890746951103,
        0.044227879494428635,
        0.04411105066537857,
        0.043930843472480774,
        0.042901668697595596,
        0.043025385588407516,
        0.04238376393914223,
        0.04223131388425827,
        0.04126286506652832,
        0.04180524870753288,
        0.04122871905565262,
        0.041825465857982635,
        0.04112847149372101,
        0.040966521948575974,
        0.04038640856742859,
        0.04026143625378609,
        0.04016653448343277,
        0.04014865309000015,
        0.03965898975729942,
        0.03898896649479866
    ],
    "srgb_loss": [
        2.555262327194214,
        0.29719722270965576,
        0.23980017006397247,
        0.19899992644786835,
        0.16904544830322266,
        0.14800889790058136,
        0.13306330144405365,
        0.11422774195671082,
        0.10397163033485413,
        0.09188961237668991,
        0.08308422565460205,
        0.0745801106095314,
        0.07002714276313782,
        0.06580906361341476,
        0.06173032894730568,
        0.0582333467900753,
        0.057911936193704605,
        0.05399231240153313,
        0.05096663534641266,
        0.04969746246933937,
        0.045838017016649246,
        0.045718591660261154,
        0.042739253491163254,
        0.04138411208987236,
        0.042880624532699585,
        0.04050321877002716,
        0.03904424607753754,
        0.03868050128221512,
        0.03660034015774727,
        0.03738132864236832,
        0.036336518824100494,
        0.034084122627973557,
        0.03562212362885475,
        0.03371776267886162,
        0.03359425440430641,
        0.033620402216911316,
        0.032042495906353,
        0.033483877778053284,
        0.03197382763028145,
        0.032769087702035904,
        0.033814843744039536,
        0.03059311769902706,
        0.03189319744706154,
        0.03053920343518257,
        0.03006364032626152,
        0.030118057504296303,
        0.028991753235459328,
        0.02929016947746277,
        0.03010394610464573
    ],
    "val_loss": [
        0.4369162321090698,
        0.3758619725704193,
        0.3131773769855499,
        0.26502567529678345,
        0.22340424358844757,
        0.23552680015563965,
        0.19063663482666016,
        0.1763346791267395,
        0.1666921228170395,
        0.15343251824378967,
        0.14389625191688538,
        0.13673117756843567,
        0.1316949874162674,
        0.12926365435123444,
        0.12970346212387085,
        0.11763077974319458,
        0.11455109715461731,
        0.11913257837295532,
        0.10917219519615173,
        0.10892020165920258,
        0.10759538412094116,
        0.09964197874069214,
        0.10317967087030411,
        0.09697552025318146,
        0.09623195976018906,
        0.09543641656637192,
        0.09184921532869339,
        0.09595821052789688,
        0.09159399569034576,
        0.08990862965583801,
        0.09455244243144989,
        0.0868707224726677,
        0.0865805521607399,
        0.08927236497402191,
        0.08519834280014038,
        0.09117292612791061,
        0.0866282656788826,
        0.08365151286125183,
        0.08889732509851456,
        0.08220678567886353,
        0.08432017266750336,
        0.08529894798994064,
        0.0825507715344429,
        0.08547832071781158,
        0.0837700217962265,
        0.08049141615629196,
        0.08943407237529755,
        0.0799681544303894,
        0.0802401602268219
    ],
    "val_xyz_loss": [
        0.1371563971042633,
        0.10949822515249252,
        0.08809943497180939,
        0.07969789952039719,
        0.07060124725103378,
        0.07061739265918732,
        0.0649128183722496,
        0.062422607094049454,
        0.05850576236844063,
        0.05721821263432503,
        0.05539506673812866,
        0.053008560091257095,
        0.05243600159883499,
        0.05253129079937935,
        0.051759958267211914,
        0.04878909885883331,
        0.04796552285552025,
        0.04837708920240402,
        0.04755253717303276,
        0.04650059714913368,
        0.04601490870118141,
        0.04483649879693985,
        0.04536747559905052,
        0.044905852526426315,
        0.04384452849626541,
        0.043264444917440414,
        0.04247242212295532,
        0.04345998167991638,
        0.04287869110703468,
        0.04176858812570572,
        0.041607581079006195,
        0.04155530780553818,
        0.041284073144197464,
        0.041801854968070984,
        0.04126721993088722,
        0.042127661406993866,
        0.04062337428331375,
        0.04034709930419922,
        0.040123987942934036,
        0.039906155318021774,
        0.0408584401011467,
        0.04045150801539421,
        0.039652805775403976,
        0.0404907651245594,
        0.04019743949174881,
        0.03993461653590202,
        0.0402538925409317,
        0.03977154195308685,
        0.04028216749429703
    ],