{
    "loss": [
        0.43686914443969727,
        0.2380927950143814,
        0.1788141131401062,
        0.1518271118402481,
        0.1291409432888031,
        0.1174205020070076,
        0.10590499639511108,
        0.10059595853090286,
        0.09864197671413422,
        0.09615840762853622,
        0.09234710037708282,
        0.09283118695020676,
        0.09039193391799927,
        0.08936308324337006,
        0.08816935122013092,
        0.08704756945371628,
        0.086408831179142,
        0.08681536465883255,
        0.0841706171631813,
        0.08485914021730423,
        0.08391931653022766,
        0.08143935352563858,
        0.08233468979597092,
        0.08102142810821533,
        0.08006129413843155,
        0.08243074268102646,
        0.08022592216730118,
        0.07846130430698395,
        0.07989928871393204,
        0.08008641004562378,
        0.07830251008272171,
        0.0784946009516716,
        0.07773119956254959,
        0.07716681063175201,
        0.07613556832075119,
        0.07479880005121231,
        0.07527806609869003,
        0.07503584772348404,
        0.07364796102046967,
        0.073203906416893,
        0.07379564642906189
    ],
    "xyz_loss": [
        0.13003657758235931,
        0.0684167817234993,
        0.04371270537376404,
        0.03635206073522568,
        0.031541772186756134,
        0.031141405925154686,
        0.02979174628853798,
        0.02907562255859375,
        0.029017506167292595,
        0.028709370642900467,
        0.027971697971224785,
        0.02806098572909832,
        0.02781900204718113,
        0.02789991907775402,
        0.027368813753128052,
        0.027430608868598938,
        0.027308383956551552,
        0.027588022872805595,
        0.0270953718572855,
        0.0271300058811903,
        0.02687666192650795,
        0.026823626831173897,
        0.0268766637891531,
        0.026695365086197853,
        0.026235351338982582,
        0.027071701362729073,
        0.026090821251273155,
        0.02613765373826027,
        0.02618221566081047,
        0.0266600102186203,
        0.026132788509130478,
        0.02589605189859867,
        0.02589597925543785,
        0.02560032345354557,
        0.025494351983070374,
        0.025125861167907715,
        0.025055741891264915,
        0.024742301553487778,
        0.025144830346107483,
        0.024323944002389908,
        0.02425708808004856
    ],
    "srgb_loss": [
        0.24181413650512695,
        0.13546761870384216,
        0.11324496567249298,
        0.09729902446269989,
        0.08182825893163681,
        0.07070838660001755,
        0.061217404901981354,
        0.05698248744010925,
        0.0551157183945179,
        0.05309431999921799,
        0.050389617681503296,
        0.050739679485559464,
        0.0486634224653244,
        0.04751318693161011,
        0.04711614549160004,
        0.04590163379907608,
        0.04544626176357269,
        0.04543329402804375,
        0.04352755472064018,
        0.04416411742568016,
        0.043604325503110886,
        0.04120393469929695,
        0.04201967269182205,
        0.04097837209701538,
        0.0407082736492157,
        0.04182319715619087,
        0.041089706122875214,
        0.03925484046339989,
        0.04062596708536148,
        0.04009637236595154,
        0.03910331800580025,
        0.03965054079890251,
        0.038887232542037964,
        0.038766346871852875,
        0.037894077599048615,
        0.03711002320051193,
        0.03769446164369583,
        0.037922389805316925,
        0.03593071550130844,
        0.036717988550662994,
        0.03741001710295677
    ],
    "val_loss": [
        0.27535104751586914,
        0.18170028924942017,
        0.1493246853351593,
        0.1276451200246811,
        0.1145033985376358,
        0.10969382524490356,
        0.0950973853468895,
        0.09217307716608047,
        0.09462232887744904,
        0.08784660696983337,
        0.08734098076820374,
        0.09034048020839691,
        0.08221767842769623,
        0.08359859883785248,
        0.08225228637456894,
        0.0800541415810585,
        0.07904178649187088,
        0.08162593841552734,
        0.07665269821882248,
        0.08290328830480576,
        0.07886514067649841,
        0.07554452866315842,
        0.08686337620019913,
        0.0779053121805191,
        0.07411107420921326,
        0.08537577837705612,
        0.07465485483407974,
        0.07444556802511215,
        0.0766129344701767,
        0.07389485090970993,
        0.0724891722202301,
        0.07463888078927994,
        0.07289723306894302,
        0.07912680506706238,
        0.07428872585296631,
        0.07214929163455963,
        0.07212700694799423,
        0.07186302542686462,
        0.0695909783244133,
        0.07422725856304169,
        0.07175257056951523
    ],
    "val_xyz_loss": [
        0.08653297275304794,
        0.04160185158252716,
        0.03193384408950806,
        0.029985101893544197,
        0.02846192941069603,
        0.02972411923110485,
        0.02699144557118416,
        0.02691223844885826,
        0.026831915602087975,
        0.026745004579424858,
        0.026849785819649696,
        0.027784068137407303,
        0.025868859142065048,
        0.026452429592609406,
        0.02626616135239601,
        0.025678666308522224,
        0.025839244946837425,
        0.02535361237823963,
        0.025445107370615005,
        0.02651982195675373,
        0.02563829906284809,
        0.02572868950664997,
        0.02683425322175026,
        0.02559051290154457,
        0.02552374079823494,
        0.025783013552427292,
        0.02594079077243805,
        0.026255903765559196,
        0.02509330026805401,
        0.025592491030693054,
        0.025561532005667686,
        0.02535725012421608,
        0.025833025574684143,
        0.02542944811284542,
        0.02651221491396427,
        0.025493381544947624,
        0.02580590918660164,
        0.02618839591741562,
        0.025630170479416847,
        0.02569761499762535,
        0.026003384962677956
    ],
    "val_srgb_loss": [
        0.1455516219139099,
        0.11929752677679062,
        0.10142389684915543,
        0.08266746997833252,
        0.0718105360865593,
        0.06510761380195618,
        0.05461021512746811,
        0.05180470645427704,
        0.054374441504478455,
        0.04772912338376045,
        0.047066304832696915,
        0.04866437613964081,
        0.043414365500211716,
        0.04391998425126076,
        0.042853038758039474,
        0.04153614491224289,
        0.04028291627764702,
        0.04359554871916771,
        0.03848505765199661,
        0.04312353581190109,
        0.04040767252445221,
        0.03695148602128029,
        0.04661198705434799,
        0.0395195335149765,
        0.035825464874506,
        0.04670127108693123,
        0.03574366495013237,
        0.035061709582805634,
        0.038972996175289154,
        0.03550611063838005,
        0.034146878868341446,
        0.03660300001502037,
        0.03414767608046532,
        0.04098263755440712,
        0.03452041745185852,
        0.03390921652317047,
        0.03341815248131752,
        0.0325804278254509,
        0.03114572912454605,
        0.03568084165453911,
        0.03274748474359512
    ]
}